"frb","utc","mjd","telescope","ra","dec","l","b","frequency","dm","flux","width","fluence","snr","reference"
FRB 20010125A,2001-01-25 0:29:16,51934.02032,Parkes_MB20,19:06:53,-40:37:14,x,x,x,790.3,0.54,x,x,x,N
FRB 20010305A,2001-03-05 12:29:16,51973.52032,Parkes_MB20,4:57:20,-52:36:25,x,x,1374,350,4.2,9,3.78,10.2,N
FRB 20010312A,2001-03-12 11:06:48,51980.46306,Parkes_MB20,5:26:55,-64:56:19,x,x,x,1187,0.25,x,x,x,N
FRB 20010621A,2001-06-21 13:02:11,52081.54318,Parkes_MB20,18:52:05,-8:29:35,x,x,x,745,0.41,x,x,x,N
FRB 20010724A,2001-07-24 19:50:02,52114.82641,Parkes_MB20,1:18:06,-75:12:18,x,x,x,375,30,x,x,x,N
FRB 20090625A,2009-06-25 21:53:51,55007.9124,Parkes_MB20,3:07:47,-29:55:36,x,x,x,899.55,1.15,x,x,x,N
FRB 20110214A,2011-02-14 7:14:10,55606.3015,Parkes_MB20,1:21:17,-49:47:11,x,x,1352,168.9,27,1.9,51.3,13,N
FRB 20110220A,2011-02-20 1:55:48,55612.08042,Parkes_MB20,22:34:38,-12:23:45,x,x,x,944.38,1.11,x,x,x,N
FRB 20110523A,2011-05-23 15:06:20,55704.6294,GBT,21:45:12,-0:09:37,x,x,800,623.3,0.6,1.73,-,42,N
FRB 20110626A,2011-06-26 21:33:17,55738.89811,Parkes_MB20,21:03:43,-44:44:19,x,x,x,723,0.63,x,x,x,N
FRB 20110703A,2011-07-03 18:59:41,55745.79145,Parkes_MB20,23:30:51,-2:52:24,x,x,x,1103.6,0.45,x,x,x,N
FRB 20120127A,2012-01-27 8:11:22,55953.34123,Parkes_MB20,23:15:06,-18:25:38,x,x,x,553.3,0.62,x,x,x,N
FRB 20121002A,2012-10-02 13:09:18,56202.54812,Parkes_MB20,18:14:47,-85:11:53,x,x,x,1629.18,0.76,x,x,x,N
FRB 20121029A,2012-10-29 16:06:26,56229.67113,LPA_LPA,0:12:00,+42:03:36.00,x,x,111,732,0.34,320,1380,7.3,N
FRB 20121102A,2012-11-02 6:35:53,56233.27492,Arecibo,5:32:09,+33:05:13.00,x,x,1375,557,0.4,3,1.2,14,N
FRB 20130626A,2013-06-26 14:56:00,56469.62222,Parkes_MB20,16:27:06,-7:27:48,x,x,x,952.4,0.74,x,x,x,N
FRB 20130628A,2013-06-28 3:58:00,56471.16528,Parkes_MB20,9:03:02,+03:26:16.00,x,x,x,469.88,1.91,x,x,x,N
FRB 20130729A,2013-07-29 9:01:51,56502.37628,Parkes_MB20,13:41:21,-5:59:43,x,x,x,861,0.22,x,x,x,N
FRB 20131030A,2013-10-30 16:13:15,56595.67587,LPA_LPA,0:25:00,+39:58:48.00,x,x,111,203,0.24,530,800,10.1,N
FRB 20131104A,2013-11-04 18:04:11,56600.75291,Parkes_MB20,6:44:10,-51:16:40,x,x,x,779,1.12,x,x,x,N
FRB 20140212A,2014-02-12 10:31:14,56700.43836,LPA_LPA,1:31:00,+30:32:24.00,x,x,111,910,0.26,390,945,9.2,N
FRB 20140514A,2014-05-14 17:14:11,56791.71818,Parkes_MB20,22:34:06,-12:18:46,x,x,x,562.7,0.471,x,x,x,N
FRB 20141113A,2014-11-13 7:42:55,56974.32147,Arecibo,6:13:00,+18:47:11.20,x,x,1375,400.3,0.039,2,0.078,8.4,N
FRB 20141216A,2014-12-16 13:03:24,57007.54403,LPA_LPA,0:14:00,+41:38:24.00,x,x,111,545,0.23,870,1200,7.6,N
FRB 20150215A,2015-02-15 20:41:42,57068.86229,Parkes_MB20,18:17:27,-4:54:15,x,x,1352,1105.6,0.7,2.88,2.02,19,N
FRB 20150418A,2015-04-18 4:29:07,57130.18689,Parkes_MB20,7:16:35,-19:00:40,x,x,1352,776.2,2.2,0.8,1.76,39,N
FRB 20150517A,2015-05-17 17:42:09,57159.7376,Arecibo,5:32:01,+33:07:56.00,x,x,1375,560,0.03,3.8,-,0,N
FRB 20150517B,2015-05-17 17:51:41,57159.74422,Arecibo,5:32:01,+33:07:56.00,x,x,1375,566,0.03,3.3,-,0,N
FRB 20150602A,2015-06-02 16:38:08,57175.69315,Arecibo,5:32:01,+33:07:53.00,x,x,1375,555,0.04,4.6,-,0,N
FRB 20150602B,2015-06-02 16:47:36,57175.69972,Arecibo,5:32:01,+33:07:53.00,x,x,1375,558,0.02,8.7,-,0,N
FRB 20150602C,2015-06-02 17:49:19,57175.74258,Arecibo,5:31:55,+33:08:13.00,x,x,1375,559,0.02,2.8,-,0,N
FRB 20150602D,2015-06-02 17:49:41,57175.74284,Arecibo,5:31:55,+33:08:13.00,x,x,1375,559,0.02,6.1,-,0,N
FRB 20150602E,2015-06-02 17:50:39,57175.74351,Arecibo,5:31:55,+33:08:13.00,x,x,1375,556.5,0.14,6.6,-,0,N
FRB 20150602F,2015-06-02 17:53:46,57175.74567,Arecibo,5:31:55,+33:08:13.00,x,x,1375,557.4,0.05,6,-,0,N
FRB 20150602G,2015-06-02 17:56:35,57175.74763,Arecibo,5:31:55,+33:08:13.00,x,x,1375,558.7,0.05,8,-,0,N
FRB 20150602H,2015-06-02 17:57:32,57175.74829,Arecibo,5:31:55,+33:08:13.00,x,x,1375,556.5,0.31,3.06,-,0,N
FRB 20150610A,2015-06-10 5:26:59,57183.22707,Parkes_MB20,10:44:26,-40:05:23,x,x,1352,1593.9,0.7,2,1.3,18,N
FRB 20150807A,2015-08-07 17:53:56,57241.74579,Parkes_MB20,22:42:31,-55:04:42,x,x,1352,266.5,128,0.35,44.8,0,N
FRB 20151018A,2015-10-18 1:05:48,57313.04569,LPA_LPA,5:21:00,+33:06:00.00,x,x,111,570,1.4,2500,3500,6.2,N
FRB 20151113A,2015-11-13 8:32:42,57339.35604,GBT,5:31:58,+33:08:04.00,x,x,2000,559.9,0.04,6.73,-,0,N
FRB 20151119A,2015-11-19 10:44:41,57345.4477,GBT,5:31:58,+33:08:04.00,x,x,2000,565.1,0.06,6.1,-,0,N
FRB 20151119B,2015-11-19 10:51:35,57345.45249,GBT,5:31:58,+33:08:04.00,x,x,2000,568.8,0.04,6.14,-,0,N
FRB 20151119C,2015-11-19 10:58:56,57345.45759,GBT,5:31:58,+33:08:04.00,x,x,2000,560,0.02,4.3,-,0,N
FRB 20151119D,2015-11-19 11:05:52,57345.46241,GBT,5:31:58,+33:08:04.00,x,x,2000,560,0.09,5.97,-,0,N
FRB 20151125A,2015-11-25 15:42:36,57351.65458,LPA_LPA,1:31:00,+30:58:48.00,x,x,x,273,0.54,x,x,x,N
FRB 20151206A,2015-12-06 6:17:53,57362.26242,Parkes_MB20,19:21:25,-4:07:54,x,x,1352,1909.8,0.3,3,0.9,10,N
FRB 20151208A,2015-12-08 4:54:40,57364.20463,Arecibo,5:31:58,+33:08:04.00,x,x,1430,558.6,0.03,2.5,-,0,N
FRB 20151230A,2015-12-30 16:15:47,57386.67763,Parkes_MB20,9:40:50,-3:27:05,x,x,1352,960.4,0.42,4.4,1.9,17,N
FRB 20160102A,2016-01-02 8:28:39,57389.35323,Parkes_MB20,22:38:49,-30:10:50,x,x,1352,2596.1,0.5,3.4,1.8,16,N
FRB 20160206A,2016-02-06 10:26:50,57424.4353,LPA_LPA,1:01:00,+41:37:48.00,x,x,111,1262,0.26,1590,1780,7.9,N
FRB 20160317A,2016-03-17 9:00:37,57464.37543,MOST_UTMOST,7:53:47,-29:36:31,x,x,843,1165,3,21,63,13,N
FRB 20160410A,2016-04-10 8:33:40,57488.35671,MOST_UTMOST,8:41:25,+06:05:05.00,x,x,843,278,7,4,28,13,N
FRB 20160608A,2016-06-08 3:53:01,57547.16182,MOST_UTMOST,7:36:42,-40:47:52,x,x,843,682,4.3,9,38.7,12,N
FRB 20160823A,2016-08-23 17:51:24,57623.74403,VLA,5:31:59,+33:08:53.00,x,x,3000,567,0,2,-,38,N
FRB 20160920A,2016-09-20 3:05:43,57651.12897,LPA_LPA,5:34:00,+41:45:00.00,x,x,111,1767,0.22,5000,1100,9.1,N
FRB 20161202A,2016-12-02 13:24:54,57724.55896,LPA_LPA,23:44:00,+40:48:00.00,x,x,111,291,0.29,810,1320,7.1,N
FRB 20170107A,2017-01-07 20:05:08,57760.8369,ASKAP_FlysEye,11:23:18,-5:00:00,x,x,x,609.5,22.3,x,x,x,N
FRB 20170416A,2017-04-16 23:11:13,57859.96612,ASKAP_FlysEye,22:13:00,-55:02:00,x,x,1320,523.2,19.4,5,97,13,N
FRB 20170428A,2017-04-28 18:02:35,57871.75179,ASKAP_FlysEye,21:47:00,-41:51:00,x,x,1320,991.7,7.7,4.4,34,10.5,N
FRB 20170606A,2017-06-06 10:03:27,57910.41906,LPA_LPA,5:34:00,+41:45:00.00,x,x,111,247,0.54,3300,1782,8.3,N
FRB 20170707A,2017-07-07 6:17:34,57941.2622,ASKAP_FlysEye,2:59:00,-57:16:00,x,x,1297,235.2,14.8,3.5,52,9.5,N
FRB 20170712A,2017-07-12 13:22:17,57946.55714,ASKAP_FlysEye,22:36:00,-60:57:00,x,x,1297,312.79,37.8,1.4,53,12.7,N
FRB 20170826A,2017-08-26 13:52:01,57991.57779,GBT,5:31:59,+33:08:52.50,x,x,6407.71,565,0.38,1.74,0.6612,55.7,N
FRB 20170827A,2017-08-27 16:20:18,57992.68076,MOST_UTMOST,0:49:19,-65:33:02,x,x,x,176.8,50.3,x,x,x,N
FRB 20170906A,2017-09-06 13:06:56,58002.54648,ASKAP_FlysEye,21:59:48,-19:57:00,x,x,1297,390.3,29.6,2.5,74,17,N
FRB 20170922A,2017-09-22 11:23:33,58018.47469,MOST_UTMOST,21:29:51,-7:59:40,x,x,x,1111,5.19,x,x,x,N
FRB 20171003A,2017-10-03 4:07:24,58029.17181,ASKAP_FlysEye,12:29:30,-14:07:00,x,x,1297,463.2,40.5,2,81,13.8,N
FRB 20171004A,2017-10-04 3:23:39,58030.14142,ASKAP_FlysEye,11:57:36,-11:54:00,x,x,1297,304,22,2,44,10.9,N
FRB 20171019A,2017-10-19 13:26:40,58045.56019,ASKAP_FlysEye,22:17:30,-8:40:00,x,x,1297,460.8,40.5,5.4,219,23.4,N
FRB 20171020A,2017-10-20 10:27:59,58046.4361,ASKAP_FlysEye,22:15:00,-19:40:00,x,x,1297,114.1,117.6,3.2,200,19.5,N
FRB 20171116A,2017-11-16 14:59:33,58073.62469,ASKAP_FlysEye,3:31:00,-17:14:00,x,x,1297,618.5,19.6,3.2,63,11.8,N
FRB 20171209A,2017-12-09 20:34:24,58096.85722,Parkes_MB20,15:50:25,-46:10:20,x,x,1352,1457.4,1.48,2.5,3.7,40,N
FRB 20171213A,2017-12-13 14:22:40,58100.59907,ASKAP_FlysEye,3:39:00,-10:56:00,x,x,1297,158.6,88.6,1.5,133,25.1,N
FRB 20171216A,2017-12-16 17:59:11,58103.74943,ASKAP_FlysEye,3:28:00,-57:04:00,x,x,1297,203.1,21,1.9,40,8,N
FRB 20180110A,2018-01-10 7:34:35,58128.31568,ASKAP_FlysEye,21:53:00,-35:27:00,x,x,1297,715.7,128.1,3.2,420,35.6,N
FRB 20180119A,2018-01-19 12:24:31,58137.51703,ASKAP_FlysEye,3:29:18,-12:44:00,x,x,1297,402.7,40.7,2.7,110,15.9,N
FRB 20180128A,2018-01-28 0:59:39,58146.04142,ASKAP_FlysEye,13:56:00,-6:43:00,x,x,1297,441.4,17.5,2.9,51,12.4,N
FRB 20180128B,2018-01-28 4:53:27,58146.20378,ASKAP_FlysEye,22:22:00,-60:15:00,x,x,1297,495.9,28.7,2.3,66,9.6,N
FRB 20180130A,2018-01-30 4:55:30,58148.20521,ASKAP_FlysEye,21:52:12,-38:34:00,x,x,1297,343.5,23.1,4.1,95,10.2,N
FRB 20180131A,2018-01-31 5:45:04,58149.23963,ASKAP_FlysEye,21:49:54,-40:41:00,x,x,1297,657.7,22.2,4.5,100,13.8,N
FRB 20180212A,2018-02-12 23:45:04,58161.98963,ASKAP_FlysEye,14:21:00,-3:35:00,x,x,1297,167.5,53,1.81,96,18.3,N
FRB 20180301A,2018-03-01 7:34:20,58178.31551,Parkes_MB20,6:12:43,+04:33:44.80,x,x,x,522,1.2,x,x,x,N
FRB 20180309A,2018-03-09 2:49:33,58186.11774,Parkes_MB20,21:24:44,-33:58:45,x,x,x,263.42,27.6,x,x,x,N
FRB 20180311A,2018-03-11 4:11:55,58188.17494,Parkes_MB20,21:31:33,-57:44:27,x,x,x,1570.9,0.15,x,x,x,N
FRB 20180315A,2018-03-15 5:05:31,58192.21216,ASKAP_FlysEye,19:35:00,-26:50:00,x,x,1297,479,23.3,2.4,56,10.4,N
FRB 20180321A,2018-03-21 7:05:54,58198.29576,LPA_LPA,0:33:00,+42:01:48.00,x,x,111,594,0.54,1670,2310,8.2,N
FRB 20180324A,2018-03-24 9:31:47,58201.39707,ASKAP_FlysEye,6:16:00,-34:47:00,x,x,1297,431,16.5,4.3,71,9.8,N
FRB 20180417A,2018-04-17 13:18:31,58225.55453,ASKAP (Incoherent),12:24:56,+14:13:00.00,x,x,1272.5,474.8,21.8,2.52,55,24.2,N
FRB 20180430A,2018-04-30 9:59:59,58238.41666,ASKAP_FlysEye,6:51:00,-9:57:00,x,x,1297,264.1,147.5,1.2,177,28.2,N
FRB 20180515A,2018-05-15 21:57:26,58253.91488,ASKAP_FlysEye,23:13:12,-42:14:46,x,x,1320,355.2,24.2,1.9,46,12.1,N
FRB 20180525A,2018-05-25 15:19:07,58263.63828,ASKAP_FlysEye,14:40:00,-2:12:00,x,x,1297,388.1,78.9,3.8,300,27.4,N
FRB 20180528A,2018-05-28 4:24:01,58266.18334,MOST_UTMOST,6:38:50,-49:53:59,x,x,x,899.3,13.8,x,x,x,N
FRB 20180714A,2018-07-14 10:00:09,58313.41677,Parkes_MB20,17:46:12,-11:45:47,x,x,x,1467.92,0.6,x,x,x,N
FRB 20180725A,2018-07-25 17:59:43,58324.7498,CHIME,6:17:26,+66:34:48.00,x,x,600,716.55,,-,-,19.24,N
FRB 20180727A,2018-07-27 0:52:13,58326.03626,CHIME,13:10:31,+26:03:00.00,x,x,600,642.15,,-,-,10.39,N
FRB 20180729A,2018-07-29 0:48:20,58328.03356,CHIME,13:17:12,+55:04:12.00,x,x,600,108.37,,-,-,32.01,N
FRB 20180729B,2018-07-29 17:28:22,58328.72803,CHIME,5:59:12,+56:09:00.00,x,x,600,318.65,,-,-,12.44,N
FRB 20180801A,2018-08-01 8:47:24,58331.36625,CHIME,21:29:02,+72:43:12.00,x,x,600,656.7,,-,-,20.45,N
FRB 20180806A,2018-08-06 14:13:13,58336.59251,CHIME,15:03:46,+76:12:36.00,x,x,600,739.2,,-,-,13.88,N
FRB 20180810A,2018-08-10 17:29:00,58340.72847,CHIME,6:46:02,+34:51:36.00,x,x,600,415.7,,-,-,13.07,N
FRB 20180810B,2018-08-10 22:40:44,58340.94495,CHIME,12:01:29,+83:06:36.00,x,x,600,169.84,,-,-,38.55,N
FRB 20180812A,2018-08-12 11:45:44,58342.49009,CHIME,1:14:26,+80:22:48.00,x,x,600,795.81,,-,-,12.46,N
FRB 20180814A,2018-08-14 14:49:50,58344.61794,CHIME,4:21:29,+73:44:24.00,x,x,600,190.86,,-,-,11.05,N
FRB 20180814B,2018-08-14 14:20:17,58344.59742,CHIME,15:43:36,+74:37:48.00,x,x,600,237.77,,-,-,18.69,N
FRB 20180817A,2018-08-17 1:49:34,58347.07609,CHIME,15:32:05,+42:12:00.00,x,x,600,1002.85,,-,-,45.57,N
FRB 20180908A,2018-09-08 21:13:04,58369.88407,CHIME,12:13:14,+74:12:36.00,x,x,600,195.72,,-,-,10.4,N
FRB 20180911C,2018-09-11 12:59:16,58372.54116,CHIME,4:20:31,+73:39:00.00,x,x,600,190.86,,-,-,10.46,N
FRB 20180916B,2018-09-16 10:15:20,58377.42731,CHIME,1:56:41,+65:44:24.00,x,x,600,347.76,,-,-,18.72,N
FRB 20180917A,2018-09-17 0:46:38,58378.03238,CHIME,4:23:36,+73:36:00.00,x,x,600,194.1,,-,-,19.02,N
FRB 20180919A,2018-09-19 12:36:12,58380.52514,CHIME,4:23:14,+73:39:00.00,x,x,600,190.86,,-,-,13.4,N
FRB 20180923B,2018-09-23 4:03:38,58384.16919,Parkes_MB20,15:10:55,-14:06:10,x,x,1352,548,0,20,2.9,13,N
FRB 20180924B,2018-09-24 16:23:13,58385.68279,ASKAP (Coherent),21:44:25,-40:54:00,x,x,1320,361.42,12.3,1.3,16,194,N
FRB 20181016A,2018-10-16 4:16:56,58407.17843,MOST_UTMOST,15:46:21,-25:24:33,x,x,x,1982.8,10.19,x,x,x,N
FRB 20181017A,2018-10-17 23:26:12,58408.97653,CHIME,17:04:31,+68:17:24.00,x,x,600,1268.08,,-,-,12.87,N
FRB 20181017C,2018-10-17 10:24:37,58408.43376,MOST_UTMOST,22:05:55,-8:50:34,x,x,x,239.97,36.5,x,x,x,N
FRB 20181017D,2018-10-17 0:00:00,58408,Other_Other,0:36:30,+11:19:59.80,x,x,1250,1845.2,0.0341,-,0.042,14.3,N
FRB 20181019A,2018-10-19 8:13:23,58410.34263,CHIME,2:08:36,+65:44:24.00,x,x,600,346.14,,-,-,16.22,N
FRB 20181028A,2018-10-28 10:12:35,58419.42541,CHIME,4:44:36,+73:39:36.00,x,x,600,181.15,,-,-,11.75,N
FRB 20181030A,2018-10-30 4:13:13,58421.17584,CHIME,10:52:48,+73:44:24.00,x,x,600,101.9,,-,-,11.52,N
FRB 20181030B,2018-10-30 4:16:22,58421.17803,CHIME,10:55:58,+73:44:24.00,x,x,600,101.9,,-,-,10.17,N
FRB 20181104A,2018-11-04 6:57:19,58426.2898,CHIME,1:43:19,+65:43:48.00,x,x,600,347.76,,-,-,17.94,N
FRB 20181104B,2018-11-04 7:07:02,58426.29655,CHIME,1:57:07,+65:44:24.00,x,x,600,342.91,,-,-,10.58,N
FRB 20181112A,2018-11-12 17:31:15,58434.73003,ASKAP (Coherent),21:49:24,-52:58:15,x,x,1272.5,589.27,0,2.1,26,19.3,N
FRB 20181118C,2018-11-18 8:44:50,58440.36447,CHIME,4:21:46,+73:37:48.00,x,x,600,187.63,,-,-,10.28,N
FRB 20181118D,2018-11-18 0:00:00,58440,Other_Other,7:56:42,+16:08:56.70,x,x,1200,1187.7,0.0142,5.3,0.064,11.1,N
FRB 20181119A,2018-11-19 16:49:03,58441.70073,CHIME,12:40:38,+65:07:48.00,x,x,600,368.79,,-,-,11.06,N
FRB 20181120A,2018-11-20 5:56:06,58442.24729,CHIME,1:45:00,+65:43:48.00,x,x,600,351,,-,-,13.37,N
FRB 20181120B,2018-11-20 5:56:06,58442.24729,CHIME,1:57:07,+65:44:24.00,x,x,600,351,,-,-,18.18,N
FRB 20181120C,2018-11-20 8:25:28,58442.35102,CHIME,4:21:55,+73:39:00.00,x,x,600,190.86,,-,-,10.59,N
FRB 20181123B,2018-11-23 17:49:09,58445.74247,FAST,5:06:07,+18:09:35.70,x,x,1250,1812,0.065,1.05,0.2,0,N
FRB 20181128A,2018-11-28 8:27:42,58450.35257,CHIME,4:56:12,+63:23:24.00,x,x,600,446.43,,-,-,23.37,N
FRB 20181130B,2018-11-30 0:00:00,58452,Other_Other,0:39:08,+19:24:31.70,x,x,1330,1705.5,0.0206,9.52,0.168,30.9,N
FRB 20181219A,2018-12-19 7:04:42,58471.29493,CHIME,4:55:46,+63:23:24.00,x,x,600,449.66,,-,-,10.25,N
FRB 20181222A,2018-12-22 3:59:23,58474.16624,CHIME,1:58:12,+65:44:24.00,x,x,600,349.38,,-,-,23.98,N
FRB 20181223A,2018-12-23 3:51:29,58475.16075,CHIME,1:58:07,+65:44:24.00,x,x,600,352.61,,-,-,31.79,N
FRB 20181225A,2018-12-25 3:53:04,58477.16185,CHIME,1:59:34,+65:43:48.00,x,x,600,346.14,,-,-,16.17,N
FRB 20181226A,2018-12-26 3:43:30,58478.15521,CHIME,1:58:02,+65:44:24.00,x,x,600,347.76,,-,-,16.68,N
FRB 20181228D,2018-12-28 13:48:50,58480.57558,ASKAP (Incoherent),6:09:24,-45:58:02,x,x,x,354.2,19.23,x,x,x,N
FRB 20190102C,2019-01-02 5:38:43,58485.23522,ASKAP (Incoherent),21:29:40,-79:28:33,x,x,1320,363.6,0,1.7,14,14,N
FRB 20190103A,2019-01-03 13:47:23,58486.57457,CHIME,12:31:50,+65:07:12.00,x,x,600,365.55,,-,-,15.67,N
FRB 20190116A,2019-01-16 13:07:34,58499.54692,CHIME,12:49:05,+27:09:36.00,x,x,600,446.43,,-,-,15.76,N
FRB 20190116B,2019-01-16 13:08:20,58499.54745,CHIME,12:49:50,+27:09:36.00,x,x,600,441.58,,-,-,12.86,N
FRB 20190117A,2019-01-17 22:18:32,58500.92954,CHIME,22:07:19,+17:22:48.00,x,x,600,393.05,,-,-,24.21,N
FRB 20190126A,2019-01-26 1:32:45,58509.06441,CHIME,1:45:05,+65:43:48.00,x,x,600,351,,-,-,11.58,N
FRB 20190208A,2019-02-08 17:41:51,58522.7374,CHIME,18:54:38,+46:58:12.00,x,x,600,579.06,,-,-,12.2,N
FRB 20190209A,2019-02-09 8:20:21,58523.34747,CHIME,9:36:17,+77:40:12.00,x,x,600,423.78,,-,-,11.82,N
FRB 20190210A,2019-02-10 8:17:14,58524.3453,CHIME,9:37:07,+77:40:12.00,x,x,600,420.55,,-,-,10.07,N
FRB 20190212A,2019-02-12 16:17:24,58526.67875,CHIME,17:39:29,+81:37:48.00,x,x,600,300.85,,-,-,9.92,N
FRB 20190213A,2019-02-13 0:42:27,58527.02948,CHIME,2:13:58,+20:04:48.00,x,x,600,650.23,,-,-,9.48,N
FRB 20190213B,2019-02-13 17:09:33,58527.71497,CHIME,18:24:07,+81:35:24.00,x,x,600,302.47,,-,-,9.53,N
FRB 20190216A,2019-02-16 15:26:58,58530.64373,CHIME,17:04:58,+68:17:24.00,x,x,600,1268.08,,-,-,22.64,N
FRB 20190222A,2019-02-22 18:46:01,58536.78196,CHIME,20:52:19,+69:39:00.00,x,x,600,462.6,,-,-,31.2,N
FRB 20190224F,2019-02-24 1:54:18,58538.07937,CHIME,4:02:31,+73:38:24.00,x,x,600,190.86,,-,-,10.96,N
FRB 20190301A,2019-03-01 18:03:02,58543.75211,CHIME,20:36:50,+69:51:00.00,x,x,600,460.99,,-,-,17.86,N
FRB 20190302B,2019-03-02 2:19:57,58544.09719,CHIME,4:54:31,+62:58:48.00,x,x,600,452.9,,-,-,10.2,N
FRB 20190303A,2019-03-03 11:05:17,58545.462,CHIME,13:52:19,+48:15:00.00,x,x,600,223.21,,-,-,11.23,N
FRB 20190313A,2019-03-13 9:21:47,58555.39013,CHIME,12:41:34,+65:07:48.00,x,x,600,365.55,,-,-,9.38,N
FRB 20190322D,2019-03-22 7:00:12,58564.29181,MOST_UTMOST,4:46:14,-66:55:28,x,x,835,724.2,0,1.35,16,12,N
FRB 20190329A,2019-03-29 23:58:21,58571.99885,CHIME,4:20:14,+73:38:24.00,x,x,600,189.25,,-,-,11.7,N
FRB 20190406A,2019-04-06 13:55:23,58579.58013,CHIME,18:54:38,+46:58:12.00,x,x,600,580.68,,-,-,13.08,N
FRB 20190417A,2019-04-17 13:56:05,58590.58061,CHIME,19:38:53,+59:24:36.00,x,x,600,1378.11,,-,-,13.38,N
FRB 20190421A,2019-04-21 8:00:11,58594.33346,CHIME,13:52:26,+48:15:00.00,x,x,600,226.45,,-,-,12.27,N
FRB 20190515C,2019-05-15 18:33:47,58618.77346,CHIME,2:07:00,+20:04:48.00,x,x,600,653.47,,-,-,10.07,N
FRB 20190516A,2019-05-16 10:35:47,58619.44152,CHIME,18:25:50,+81:25:12.00,x,x,600,302.47,,-,-,10.53,N
FRB 20190517B,2019-05-17 20:33:37,58620.85668,CHIME,4:19:48,+73:39:00.00,x,x,600,187.63,,-,-,9.59,N
FRB 20190518A,2019-05-18 18:13:43,58621.75953,CHIME,1:58:19,+65:43:48.00,x,x,600,351,,-,-,9.28,N
FRB 20190519A,2019-05-19 17:50:26,58622.74336,CHIME,1:43:00,+65:43:48.00,x,x,600,351,,-,-,18.81,N
FRB 20190519B,2019-05-19 18:09:02,58622.75627,CHIME,1:57:34,+65:44:24.00,x,x,600,349.38,,-,-,21.67,N
FRB 20190519C,2019-05-19 18:10:50,58622.75752,CHIME,1:59:22,+65:43:48.00,x,x,600,346.14,,-,-,16.41,N
FRB 20190523A,2019-05-23 6:05:56,58626.25412,OVRO_DSA-10,13:48:16,+72:28:11.00,x,x,1411,760.8,0,0.42,280,11.5,N
FRB 20190527B,2019-05-27 20:39:42,58630.8609,CHIME,4:56:14,+63:22:48.00,x,x,600,449.66,,-,-,9.4,N
FRB 20190603A,2019-06-03 17:09:23,58637.71485,CHIME,1:56:53,+65:43:48.00,x,x,600,347.76,,-,-,9.29,N
FRB 20190604A,2019-06-04 5:49:57,58638.24302,CHIME,14:35:00,+53:16:48.00,x,x,600,553.18,,-,-,33.79,N
FRB 20190604B,2019-06-04 17:11:40,58638.71644,CHIME,2:07:14,+65:43:48.00,x,x,600,347.76,,-,-,13.53,N
FRB 20190604F,2019-06-04 17:11:40,58638.71644,CHIME,1:59:14,+65:43:48.00,x,x,600,352.61,,-,-,42.2,N
FRB 20190605A,2019-06-05 16:56:05,58639.70561,CHIME,1:43:31,+65:43:12.00,x,x,600,352.61,,-,-,23.04,N
FRB 20190605B,2019-06-05 17:02:31,58639.71008,CHIME,1:57:53,+65:43:48.00,x,x,600,349.38,,-,-,25.46,N
FRB 20190606A,2019-06-06 5:34:32,58640.23231,CHIME,14:35:36,+53:16:48.00,x,x,600,551.57,,-,-,10.65,N
FRB 20190608B,2019-06-08 22:48:13,58642.95015,ASKAP (Incoherent),22:16:05,-7:53:54,x,x,1320,338.7,0,6,26,16.1,N
FRB 20190611A,2019-06-11 18:52:43,58645.78661,CHIME,4:05:31,+73:38:24.00,x,x,600,187.63,,-,-,15.88,N
FRB 20190611B,2019-06-11 5:45:43,58645.24008,ASKAP (Incoherent),21:22:59,-79:23:51,x,x,1320,321.4,0,2,10,9.3,N
FRB 20190614D,2019-06-14 1:13:02,58648.05072,VLA,4:20:18,+73:42:24.26,x,x,1400,959.2,124,-,0.63,8.3,N
FRB 20190619E,2019-06-19 2:18:26,58653.09613,Effelsberg_PSRIX,1:58:01,+65:43:00.31,x,x,1667,348.76,0.74,1.86,0.72,9.87,N
FRB 20190619F,2019-06-19 2:40:13,58653.11126,Effelsberg_PSRIX,1:58:01,+65:43:00.31,x,x,1667,348.76,0.66,0.24,0.2,9.61,N
FRB 20190619G,2019-06-19 3:31:06,58653.1466,Effelsberg_PSRIX,1:58:01,+65:43:00.31,x,x,1667,348.76,0.5,1.72,0.62,9.78,N
FRB 20190619H,2019-06-19 6:41:03,58653.27851,Effelsberg_PSRIX,1:58:01,+65:43:00.31,x,x,1667,348.76,2.3,1.66,2.53,65.42,N
FRB 20190621A,2019-06-21 2:21:24,58655.09819,CHIME,12:05:55,+74:12:36.00,x,x,600,197.33,,-,-,9.01,N
FRB 20190625E,2019-06-25 17:43:47,58659.73874,CHIME,3:57:19,+73:38:24.00,x,x,600,187.63,,-,-,11.42,N
FRB 20190626A,2019-06-26 18:37:53,58660.77631,CHIME,4:49:38,+73:39:36.00,x,x,600,194.1,,-,-,11.88,N
FRB 20190630A,2019-06-30 11:34:45,58664.48247,CHIME,22:06:38,+17:22:12.00,x,x,600,401.14,,-,-,19.43,N
FRB 20190702A,2019-07-02 1:58:15,58666.08212,CHIME,12:32:26,+74:13:12.00,x,x,600,195.72,,-,-,8,N
FRB 20190702B,2019-07-02 3:14:43,58666.13522,CHIME,13:52:36,+48:15:00.00,x,x,600,223.21,,-,-,18.46,N
FRB 20190711A,2019-07-11 1:53:41,58675.07895,ASKAP (Incoherent),21:57:41,-80:21:29,x,x,x,593.1,0,x,x,x,N
FRB 20190714A,2019-07-14 5:37:13,58678.23418,ASKAP (Incoherent),12:15:54,-13:00:00,x,x,1272.5,504,0,-,8,0,N
FRB 20190718A,2019-07-18 1:11:23,58682.04957,CHIME,13:00:41,+74:13:12.00,x,x,600,194.1,,-,-,9.35,N
FRB 20190804A,2019-08-04 19:54:30,58699.82951,Parkes_UWL,21:57:40,-80:21:28,x,x,2368,587.4,,1,1,11.7,N
FRB 20190806A,2019-08-06 6:37:10,58701.27581,CHIME,19:39:43,+59:24:00.00,x,x,600,1384.58,,-,-,9.11,N
FRB 20190809A,2019-08-09 12:50:49,58704.53529,CHIME,1:57:50,+65:43:48.00,x,x,600,352.61,,-,-,16.78,N
FRB 20190810A,2019-08-10 8:52:30,58705.36979,CHIME,22:07:14,+17:22:12.00,x,x,600,397.9,,-,-,31.53,N
FRB 20190810B,2019-08-10 12:49:44,58705.53454,CHIME,2:00:41,+65:43:48.00,x,x,600,346.14,,-,-,9.21,N
FRB 20190815A,2019-08-15 8:33:52,58710.35685,CHIME,22:06:38,+17:22:12.00,x,x,600,397.9,,-,-,28.01,N
FRB 20190817A,2019-08-17 14:39:58,58712.61109,CHIME,4:21:53,+73:39:00.00,x,x,600,187.63,,-,-,8.61,N
FRB 20190824A,2019-08-24 7:59:02,58719.33266,CHIME,22:07:10,+17:22:48.00,x,x,600,397.9,,-,-,9.08,N
FRB 20190825A,2019-08-25 11:48:28,58720.49199,CHIME,1:58:29,+65:43:48.00,x,x,600,347.76,,-,-,51.46,N
FRB 20190825B,2019-08-25 11:52:03,58720.49448,CHIME,1:57:53,+65:43:12.00,x,x,600,346.14,,-,-,10.53,N
FRB 20190825C,2019-08-25 11:53:45,58720.49566,CHIME,2:11:43,+65:43:48.00,x,x,600,347.76,,-,-,10.25,N
FRB 20190907A,2019-09-07 17:02:48,58733.71028,CHIME,8:08:50,+46:16:12.00,x,x,600,307.32,,-,-,9.96,N
FRB 20190915A,2019-09-15 16:27:41,58741.68589,CHIME,8:02:53,+46:16:12.00,x,x,600,308.94,,-,-,10.94,N
FRB 20190925A,2019-09-25 15:54:11,58751.66263,CHIME,8:08:41,+46:16:12.00,x,x,600,307.32,,-,-,9.98,N
FRB 20190926A,2019-09-26 20:19:29,58752.84686,CHIME,12:41:31,+65:07:48.00,x,x,600,368.79,,-,-,9.31,N
FRB 20190929A,2019-09-29 3:14:36,58755.13514,CHIME,19:39:38,+59:23:24.00,x,x,600,1381.34,,-,-,11.45,N
FRB 20191001A,2019-10-01 16:55:36,58757.70528,ASKAP (Incoherent),21:32:00,-54:40:00,x,x,920.5,506.92,0,-,143,62,N
FRB 20191013A,2019-10-13 20:31:26,58769.85516,CHIME,14:00:38,+48:15:00.00,x,x,600,226.45,,-,-,9.74,N
FRB 20191018A,2019-10-18 18:33:33,58774.7733,CHIME,11:59:46,+85:57:36.00,x,x,600,302.47,,-,-,18.12,N
FRB 20191020A,2019-10-20 19:48:51,58776.82559,CHIME,13:45:29,+48:15:36.00,x,x,600,221.6,,-,-,22.89,N
FRB 20191021A,2019-10-21 14:18:09,58777.59594,CHIME,8:19:53,+46:24:00.00,x,x,600,386.58,,-,-,109.04,N
FRB 20191029A,2019-10-29 9:41:59,58785.40416,CHIME,4:05:12,+73:38:24.00,x,x,600,190.86,,-,-,12.82,N
FRB 20191029B,2019-10-29 19:24:06,58785.8084,CHIME,13:58:46,+48:15:36.00,x,x,600,221.6,,-,-,8.69,N
FRB 20191030A,2019-10-30 7:33:57,58786.31524,CHIME,1:59:14,+65:43:12.00,x,x,600,346.14,,-,-,8.09,N
FRB 20191030B,2019-10-30 7:41:53,58786.32075,CHIME,2:15:10,+65:44:24.00,x,x,600,346.14,,-,-,12.67,N
FRB 20191107A,2019-11-07 21:23:07,58794.89105,CHIME,4:23:24,+73:35:24.00,x,x,600,194.1,,-,-,8.39,N
FRB 20191107B,2019-11-07 18:55:37,58794.78862,MOST_UTMOST,8:01:57,-13:44:16,x,x,835,714.25,0,-,6.7,23.3,N
FRB 20191108A,2019-11-08 19:48:50,58795.82558,WSRT_Apertif,1:33:47,+31:51:30.00,x,x,1370,588.1,27,0.34,11,103,N
FRB 20191110A,2019-11-10 18:33:02,58797.77294,CHIME,13:52:17,+48:15:00.00,x,x,600,226.45,,-,-,20.51,N
FRB 20191111A,2019-11-11 8:55:16,58798.37171,CHIME,4:03:31,+73:37:48.00,x,x,600,184.39,,-,-,12.29,N
FRB 20191113A,2019-11-13 18:12:28,58800.75866,CHIME,13:43:26,+48:15:36.00,x,x,600,226.45,,-,-,13.5,N
FRB 20191115A,2019-11-15 6:12:06,58802.2584,GBT,1:58:01,+65:43:00.31,x,x,350,349.3,1.18,3.6,10.2,11.3,N
FRB 20191116A,2019-11-16 18:09:51,58803.75684,CHIME,13:52:41,+48:14:24.00,x,x,600,221.6,,-,-,28.77,N
FRB 20191117A,2019-11-17 18:18:31,58804.76286,CHIME,14:02:55,+48:15:00.00,x,x,600,226.45,,-,-,12.08,N
FRB 20191202A,2019-12-02 15:44:29,58819.65589,CHIME,12:25:53,+65:07:48.00,x,x,600,375.26,,-,-,7.55,N
FRB 20191205A,2019-12-05 15:44:15,58822.65573,CHIME,12:41:19,+65:07:48.00,x,x,600,368.79,,-,-,8.32,N
FRB 20191215A,2019-12-15 16:13:43,58832.67619,CHIME,13:53:02,+48:15:00.00,x,x,600,223.21,,-,-,15.12,N
FRB 20191217A,2019-12-17 8:38:56,58834.36037,CHIME,18:26:34,+81:24:36.00,x,x,600,304.09,,-,-,18.98,N
FRB 20191218A,2019-12-18 4:09:28,58835.17324,CHIME,1:59:14,+65:43:48.00,x,x,600,355.85,,-,-,12.88,N
FRB 20191219A,2019-12-19 4:07:39,58836.17198,CHIME,1:57:22,+65:43:48.00,x,x,600,352.61,,-,-,10.05,N
FRB 20191219B,2019-12-19 4:11:18,58836.17451,CHIME,1:57:07,+65:43:48.00,x,x,600,351,,-,-,17.76,N
FRB 20191219C,2019-12-19 4:03:47,58836.16929,GBT,1:58:01,+65:43:00.31,x,x,350,348.8,1.24,2.7,11.2,13.3,N
FRB 20191219D,2019-12-19 4:03:47,58836.16929,GBT,1:58:01,+65:43:00.31,x,x,350,348.8,1.09,3.9,5.2,28.6,N
FRB 20191219E,2019-12-19 4:13:19,58836.17591,GBT,1:58:01,+65:43:00.31,x,x,350,349.5,3.58,5.89,48.9,54.9,N
FRB 20191219F,2019-12-19 16:51:34,58836.70248,CHIME,15:05:10,+85:26:24.00,x,x,600,464.22,,-,-,173.16,N
FRB 20191220A,2019-12-20 8:37:40,58837.35949,CHIME,18:26:00,+81:24:00.00,x,x,600,304.09,,-,-,8.06,N
FRB 20191223A,2019-12-23 0:07:07,58840.00494,CHIME,22:12:50,+17:22:12.00,x,x,600,394.67,,-,-,9.29,N
FRB 20191223B,2019-12-23 4:55:31,58840.20522,MOST_UTMOST,20:34:14,-75:08:54,x,x,835,665,0,-,108.1,29.4,N
FRB 20191228A,2019-12-28 9:16:16,58845.3863,ASKAP (Incoherent),22:57:00,-29:46:00,x,x,1272.5,297.9,0,-,40,0,N
FRB 20191231A,2019-12-31 15:17:50,58848.63738,CHIME,14:00:10,+48:15:00.00,x,x,600,223.21,,-,-,10.32,N
FRB 20200112A,2020-01-12 14:26:34,58860.60178,CHIME,13:51:07,+48:15:00.00,x,x,600,223.21,,-,-,12.45,N
FRB 20200120A,2020-01-20 1:49:14,58868.07586,CHIME,1:44:46,+65:43:48.00,x,x,600,346.14,,-,-,16.7,N
FRB 20200120B,2020-01-20 1:58:23,58868.08221,GBT,1:58:01,+65:43:00.31,x,x,350,348.9,2.28,3.7,28.1,19.3,N
FRB 20200120C,2020-01-20 2:01:51,58868.08462,GBT,1:58:01,+65:43:00.31,x,x,350,348.7,1.3,1.5,7.8,14.4,N
FRB 20200120D,2020-01-20 2:04:59,58868.08679,GBT,1:58:01,+65:43:00.31,x,x,350,348.8,0.98,3.2,7.7,11.9,N
FRB 20200122A,2020-01-22 10:20:33,58870.43094,CHIME,10:30:50,+73:47:24.00,x,x,600,101.9,,-,-,13.85,N
FRB 20200122B,2020-01-22 10:27:00,58870.43542,CHIME,10:31:29,+73:48:00.00,x,x,600,101.9,,-,-,17.31,N
FRB 20200122C,2020-01-22 10:28:20,58870.43634,CHIME,10:32:50,+73:48:00.00,x,x,600,106.75,,-,-,8.34,N
FRB 20200122D,2020-01-22 22:09:31,58870.92328,CHIME,10:11:14,+73:44:24.00,x,x,600,101.9,,-,-,13.11,N
FRB 20200122E,2020-01-22 22:09:52,58870.92352,CHIME,10:11:34,+73:44:24.00,x,x,600,106.75,,-,-,10.42,N
FRB 20200122F,2020-01-22 22:22:21,58870.93219,CHIME,10:35:46,+73:44:24.00,x,x,600,105.14,,-,-,8.9,N
FRB 20200122G,2020-01-22 22:23:20,58870.93287,CHIME,10:36:46,+73:44:24.00,x,x,600,101.9,,-,-,10.47,N
FRB 20200124A,2020-01-24 18:42:58,58872.77984,CHIME,18:53:24,+46:57:36.00,x,x,600,575.83,,-,-,15.49,N
FRB 20200124B,2020-01-24 19:24:33,58872.80872,CHIME,19:39:58,+59:24:00.00,x,x,600,1378.11,,-,-,8.02,N
FRB 20200125A,2020-01-25 12:15:20,58873.51065,GBT,14:36:32,+07:42:06.84,x,x,350,179.47,0,-,-,8.1,N
FRB 20200203A,2020-02-03 1:07:23,58882.04679,CHIME,1:57:58,+65:43:48.00,x,x,600,351,,-,-,9.53,N
FRB 20200204A,2020-02-04 0:26:55,58883.01869,CHIME,1:26:34,+72:18:36.00,x,x,600,370.41,,-,-,9.2,N
FRB 20200204B,2020-02-04 0:57:32,58883.03995,CHIME,1:56:02,+65:43:48.00,x,x,600,346.14,,-,-,12.67,N
FRB 20200204C,2020-02-04 0:59:50,58883.04155,CHIME,1:58:34,+65:43:48.00,x,x,600,351,,-,-,51.77,N
FRB 20200204D,2020-02-04 1:03:26,58883.04405,CHIME,1:57:55,+65:43:48.00,x,x,600,347.76,,-,-,10.01,N
FRB 20200204E,2020-02-04 1:17:21,58883.05372,CHIME,2:07:55,+65:43:48.00,x,x,600,347.76,,-,-,9.15,N
FRB 20200219A,2020-02-19 23:53:37,58898.99557,CHIME,1:43:05,+65:42:36.00,x,x,600,346.14,,-,-,8.83,N
FRB 20200220A,2020-02-20 0:10:10,58899.00706,CHIME,1:59:24,+65:43:12.00,x,x,600,352.61,,-,-,11.79,N
FRB 20200220B,2020-02-20 13:28:26,58899.56141,SRT,1:58:01,+65:43:00.31,x,x,328,349.8,2.8,13,37,31.7,N
FRB 20200220C,2020-02-20 13:37:39,58899.56781,SRT,1:58:01,+65:43:00.31,x,x,328,349.4,1.5,9,13,13.6,N
FRB 20200220D,2020-02-20 13:48:53,58899.57561,SRT,1:58:01,+65:43:00.31,x,x,328,350.1,1.4,14,19,16,N
FRB 20200221A,2020-02-21 0:09:49,58900.00682,CHIME,2:15:02,+65:43:48.00,x,x,600,342.91,,-,-,24.72,N
FRB 20200224A,2020-02-24 1:47:54,58903.07493,CHIME,3:54:38,+73:37:48.00,x,x,600,187.63,,-,-,9.2,N
FRB 20200302A,2020-03-02 1:52:16,58910.07796,CHIME,4:20:41,+73:37:48.00,x,x,600,194.1,,-,-,15.18,N
FRB 20200307A,2020-03-07 5:07:50,58915.21377,CHIME,8:09:29,+46:16:12.00,x,x,600,308.94,,-,-,8.69,N
FRB 20200314A,2020-03-14 15:22:41,58922.64075,CHIME,18:54:26,+46:58:12.00,x,x,600,575.83,,-,-,29.3,N
FRB 20200323A,2020-03-23 10:07:03,58931.42156,GMRT,1:58:01,+65:43:00.31,x,x,400,349,0,5.24,8.89,95.51,N
FRB 20200323B,2020-03-23 10:53:35,58931.45388,GMRT,1:58:01,+65:43:00.31,x,x,400,349,0,10.49,15.11,114.75,N
FRB 20200324A,2020-03-24 21:35:54,58932.89993,CHIME,1:39:05,+65:42:36.00,x,x,600,346.14,,-,-,13.02,N
FRB 20200324B,2020-03-24 8:28:41,58932.35325,GMRT,1:58:01,+65:43:00.31,x,x,400,349,0,10.49,1.53,11.6,N
FRB 20200324C,2020-03-24 9:31:24,58932.39681,GMRT,1:58:01,+65:43:00.31,x,x,400,349,0,10.49,3.51,26.65,N
FRB 20200405A,2020-04-05 5:34:54,58944.23257,Other_Other,13:13:28,+36:35:37.00,x,x,361.941,212.298,0,6.25,-,11.29,N
FRB 20200423A,2020-04-23 20:11:20,58962.8412,VLA,1:58:01,+65:43:00.63,x,x,1680,349.8,0.13,10,1.3,13,N
FRB 20200508A,2020-05-08 7:42:10,58977.32095,MOST_UTMOST,9:01:32,-65:35:43,x,x,835,629,0,-,29.7,14.33,N
FRB 20200607A,2020-06-07 10:37:22,59007.44262,MOST_UTMOST,13:41:31,-5:08:24,x,x,835,466.9,0,1.3,51,41,N
FRB 20200616A,2020-06-16 6:31:13,59016.27168,Arecibo,19:42:08,+16:12:32.53,x,x,1375,976.85,0.166,3.9,0.76,41.04,N
FRB 20200627A,2020-06-27 19:23:42,59027.80812,ASKAP (Incoherent),21:47:00,-39:29:00,x,x,920.5,294,0,-,28,11,N
FRB 20200906A,2020-09-06 21:40:51,59098.90337,ASKAP (Incoherent),3:35:00,-14:04:00,x,x,864.5,577.8,0,6,59,16.1,N
FRB 20201124A,2020-11-24 8:50:42,59177.36854,CHIME,5:07:58,+26:11:24.00,x,x,600,410.83,,-,-,13.78,N
FRB 20201124B,2020-11-24 8:54:46,59177.37137,CHIME,5:08:26,+26:11:24.00,x,x,600,404.36,,-,-,10.31,N
FRB 20201210A,2020-12-10 7:54:43,59193.32966,CHIME,5:13:58,+26:12:00.00,x,x,600,414.89,,-,-,26.86,N
FRB 20201216A,2020-12-16 7:29:19,59199.31203,CHIME,5:07:38,+26:11:24.00,x,x,600,409.23,,-,-,9.4,N
FRB 20210117A,2021-01-17 7:51:21,59231.32733,ASKAP (Incoherent),22:39:36,-16:11:25,x,x,1271.5,730,0,3.3,36,27.1,N
FRB 20210220A,2021-02-20 3:06:23,59265.12943,CHIME,5:07:48,+26:11:24.00,x,x,600,418.93,,-,-,9.84,N
FRB 20210301A,2021-03-01 2:28:45,59274.1033,CHIME,5:01:55,+26:10:48.00,x,x,600,417.3,,-,-,16.22,N
FRB 20210303A,2021-03-03 1:28:47,59276.06166,UTMOST-EW_MPSR,22:15:52,-46:05:32,x,x,835,366.9,0,1.55,37.8,21.8,N
FRB 20210321A,2021-03-21 1:12:23,59294.05027,CHIME,5:07:50,+26:11:24.00,x,x,600,412.46,,-,-,15.58,N
FRB 20210322A,2021-03-22 1:10:44,59295.04912,CHIME,5:08:22,+26:11:24.00,x,x,600,410.04,,-,-,13.51,N
FRB 20210323A,2021-03-23 1:08:04,59296.04727,CHIME,5:13:17,+26:12:00.00,x,x,600,414.89,,-,-,18.09,N
FRB 20210326A,2021-03-26 0:53:51,59299.0374,CHIME,5:07:10,+26:11:24.00,x,x,600,412.46,,-,-,20.2,N
FRB 20210327A,2021-03-27 0:46:22,59300.0322,CHIME,5:03:38,+26:11:24.00,x,x,600,416.51,,-,-,17.61,N
FRB 20210327B,2021-03-27 0:53:11,59300.03693,CHIME,5:08:34,+26:11:24.00,x,x,600,411.25,,-,-,10.78,N
FRB 20210327C,2021-03-27 0:53:11,59300.03693,CHIME,5:08:34,+26:11:24.00,x,x,600,422.17,,-,-,12.81,N
FRB 20210328A,2021-03-28 0:49:08,59301.03412,CHIME,5:08:29,+26:11:24.00,x,x,600,415.7,,-,-,9.38,N
FRB 20210401A,2021-04-01 11:33:02,59305.48127,ASKAP (Incoherent),5:07:00,+25:52:60.00,x,x,864.5,412,,-,190,64,N
FRB 20210402A,2021-04-02 5:48:59,59306.24235,ASKAP (Incoherent),5:07:55,+26:01:60.00,x,x,1271.5,414,,-,22,13.4,N
